DENGUE - Notificações registradas no Sistema de Informação de Agravos de Notificação - São Paulo;;;;;;;;;
Casos Prováveis por Município infecção e Class. Final;;;;;;;;;
Período:2014;;;;;;;;;
Município infecção;Ign/Branco;Dengue Clássico;Dengue com complicações;Febre Hemorrágica do Dengue;Dengue;Dengue com sinais de alarme;Dengue grave;Inconclusivo;Total
110002 Ariquemes;-;-;-;-;1;-;-;-;1
110008 Costa Marques;-;-;-;-;1;-;-;-;1
110012 Ji-Paraná;-;-;-;-;2;-;-;-;2
110014 Nova Brasilândia D'Oeste;-;-;-;-;1;-;-;-;1
110020 Porto Velho;-;-;-;-;2;-;-;-;2
130260 Manaus;-;-;-;-;6;-;-;-;6
150060 Altamira;-;-;-;-;1;-;-;-;1
150140 Belém;-;1;-;-;4;-;-;-;5
150240 Castanhal;-;-;-;-;1;-;-;-;1
150543 Ourilândia do Norte;-;-;-;-;-;-;-;1;1
150810 Tucuruí;-;-;-;-;1;-;-;-;1
160027 Laranjal do Jari;-;-;-;-;1;-;-;-;1
170100 Ananás;-;-;-;-;1;-;-;-;1
170200 Araguaçu;-;-;-;-;1;-;-;-;1
171665 Pequizeiro;-;-;-;-;1;-;-;-;1
210660 Matões;-;-;-;-;1;-;-;-;1
211130 São Luís;-;-;-;-;1;-;-;-;1
211220 Timon;-;-;-;-;1;-;-;-;1
211290 Vitória do Mearim;-;1;-;-;-;-;-;-;1
220025 Alagoinha do Piauí;-;-;-;-;1;-;-;-;1
220100 Arraial;-;-;-;-;1;-;-;-;1
220110 Avelino Lopes;-;-;-;-;1;-;-;-;1
220277 Colônia do Piauí;-;-;-;-;4;-;-;-;4
220370 Esperantina;-;1;-;-;-;-;-;-;1
220580 Luzilândia;-;1;-;-;1;-;-;-;2
220595 Marcolândia;-;-;-;-;1;-;-;-;1
220610 Matias Olímpio;-;-;-;-;1;-;-;-;1
220800 Picos;-;-;-;-;1;-;-;-;1
220840 Piripiri;-;-;-;-;1;-;-;-;1
221100 Teresina;-;-;-;-;6;-;-;-;6
230070 Alto Santo;-;-;-;-;1;-;-;-;1
230130 Araripe;-;-;-;-;3;-;-;-;3
230150 Arneiroz;-;-;-;-;1;-;-;-;1
230240 Boa Viagem;-;-;-;-;1;-;-;-;1
230250 Brejo Santo;-;1;-;-;-;-;-;-;1
230260 Camocim;-;-;-;-;1;-;-;-;1
230270 Campos Sales;-;-;-;-;5;-;-;-;5
230440 Fortaleza;-;1;-;-;16;-;-;-;17
230540 Icó;-;-;-;-;1;-;-;-;1
230630 Itapagé;-;-;-;-;1;-;-;-;1
230640 Itapipoca;-;-;-;-;1;-;-;-;1
230660 Itatira;-;-;-;-;1;-;-;-;1
230725 Jijoca de Jericoacoara;-;-;-;-;1;-;-;-;1
230730 Juazeiro do Norte;-;-;-;-;4;-;-;-;4
230760 Limoeiro do Norte;-;-;-;-;1;-;-;-;1
231290 Sobral;-;1;-;-;-;-;-;-;1
231330 Tauá;-;1;-;-;1;1;-;1;4
230000 Município ignorado - CE;-;-;-;-;1;-;-;-;1
240040 Água Nova;-;1;-;-;-;-;-;-;1
240570 Jardim do Seridó;-;-;-;-;1;-;-;-;1
240710 Macaíba;-;-;-;-;1;-;-;-;1
240730 Marcelino Vieira;-;-;-;-;1;-;-;-;1
240810 Natal;-;-;-;-;12;-;-;-;12
240940 Pau dos Ferros;-;-;-;-;1;-;-;-;1
241050 Rafael Fernandes;-;-;-;-;1;-;-;-;1
241250 São Miguel;-;-;-;-;1;-;-;-;1
241410 Tenente Ananias;-;-;-;-;1;-;-;-;1
241480 Vera Cruz;-;-;-;-;1;-;-;-;1
250215 Boa Vista;-;-;-;-;1;-;-;-;1
250370 Cajazeiras;-;-;-;-;2;-;-;-;2
250400 Campina Grande;-;-;-;-;1;-;-;-;1
250750 João Pessoa;-;-;-;-;3;-;-;-;3
250970 Monteiro;-;1;-;-;2;-;-;-;3
251000 Nazarezinho;-;-;-;-;2;-;-;-;2
251070 Passagem;-;-;-;-;1;-;-;-;1
250070 São João do Rio do Peixe;-;1;-;-;-;-;-;-;1
260410 Caruaru;-;1;-;-;3;-;-;-;4
260530 Exu;-;-;-;-;1;-;-;-;1
260660 Ibimirim;-;2;-;-;1;-;-;-;3
260720 Ipojuca;-;-;-;-;1;-;-;-;1
260860 Lagoa do Ouro;-;-;-;-;1;-;-;-;1
261010 Palmeirina;-;-;-;-;1;-;-;-;1
261080 Pedra;-;-;-;-;1;-;-;-;1
261110 Petrolina;-;-;-;-;2;-;-;-;2
261160 Recife;-;-;-;-;8;1;-;-;9
261390 Serra Talhada;-;-;-;-;1;-;-;-;1
261450 Surubim;-;-;-;-;1;-;-;-;1
261460 Tabira;-;-;-;-;1;-;-;-;1
261540 Toritama;-;-;-;-;1;-;-;-;1
270030 Arapiraca;-;-;-;-;1;-;-;-;1
270040 Atalaia;-;-;-;-;1;-;-;-;1
270170 Capela;-;-;-;-;1;-;-;-;1
270235 Craíbas;-;-;-;-;1;-;-;-;1
270430 Maceió;-;1;-;-;6;1;-;-;8
270610 Ouro Branco;-;-;-;-;1;-;-;-;1
270630 Palmeira dos Índios;-;-;-;-;2;-;-;-;2
270910 Taquarana;-;-;-;-;1;-;-;-;1
270915 Teotônio Vilela;-;-;-;-;1;-;-;-;1
270000 Município ignorado - AL;-;-;-;-;1;-;-;-;1
280020 Aquidabã;-;-;-;-;1;-;-;-;1
280030 Aracaju;-;-;-;-;3;-;-;-;3
280300 Itabaianinha;-;-;-;-;3;-;-;-;3
280480 Nossa Senhora do Socorro;-;-;-;-;1;-;-;-;1
280680 São Domingos;-;-;-;-;1;-;-;-;1
290250 Baianópolis;-;-;-;-;1;-;-;-;1
290390 Bom Jesus da Lapa;-;-;-;-;1;-;-;-;1
290560 Camacan;-;-;-;-;1;-;-;-;1
290680 Cansanção;-;1;-;-;1;-;-;-;2
291080 Feira de Santana;-;1;-;-;1;-;-;-;2
291360 Ilhéus;-;-;-;-;1;-;-;-;1
291370 Inhambupe;-;-;-;-;1;-;-;-;1
291480 Itabuna;-;-;-;-;3;-;-;-;3
291535 Itaguaçu da Bahia;-;-;-;-;1;-;-;-;1
291640 Itapetinga;-;-;-;-;1;-;-;-;1
291650 Itapicuru;-;-;-;-;1;-;-;-;1
291720 Ituaçu;-;-;-;-;1;-;-;-;1
291750 Jacobina;-;-;-;-;2;-;-;-;2
291840 Juazeiro;-;-;-;-;2;-;-;-;2
292100 Mata de São João;-;-;-;-;1;-;-;-;1
292120 Miguel Calmon;-;1;-;-;-;-;-;-;1
292150 Monte Santo;-;-;-;-;1;-;-;-;1
292160 Morpará;-;-;-;-;1;-;-;-;1
292350 Palmeiras;-;-;-;-;1;-;-;-;1
292470 Piripá;-;-;-;-;1;-;-;-;1
292525 Ponto Novo;-;-;-;-;1;-;-;-;1
292530 Porto Seguro;-;-;-;-;4;-;-;-;4
292670 Rio de Contas;-;-;-;-;1;-;-;-;1
292740 Salvador;-;2;-;-;20;-;-;-;22
293010 Senhor do Bonfim;-;-;-;-;1;-;-;-;1
293060 Serrolândia;-;-;-;-;1;-;-;-;1
293100 Tanhaçu;-;-;-;-;1;-;-;-;1
293305 Várzea da Roça;-;-;-;-;1;-;-;-;1
293310 Várzea do Poço;-;-;-;-;1;-;-;-;1
293360 Xique-Xique;-;-;-;-;1;-;-;-;1
290000 Município ignorado - BA;-;-;-;-;1;-;-;-;1
310160 Alfenas;-;-;-;-;4;-;-;-;4
310400 Araxá;-;-;-;-;1;-;-;-;1
310420 Arcos;-;-;-;-;1;-;-;-;1
310620 Belo Horizonte;-;2;-;-;8;-;-;-;10
310800 Bom Sucesso;-;-;-;-;1;-;-;-;1
310855 Brasilândia de Minas;-;-;-;-;1;-;-;-;1
310860 Brasília de Minas;-;-;-;-;1;-;-;-;1
311060 Cambuí;-;-;-;-;1;-;-;-;1
311110 Campina Verde;-;-;-;-;2;-;-;-;2
311120 Campo Belo;-;-;-;-;6;-;-;-;6
311230 Capelinha;-;-;-;-;1;-;-;-;1
311280 Capitólio;-;-;-;-;1;-;-;-;1
311400 Carmo da Mata;-;-;-;-;3;-;-;-;3
311440 Carmo do Rio Claro;-;-;-;-;1;-;-;-;1
311455 Carneirinho;-;1;-;-;-;-;-;-;1
311490 Casa Grande;-;-;-;-;1;-;-;-;1
311510 Cássia;-;-;-;-;1;-;-;-;1
311530 Cataguases;-;-;-;-;1;-;-;-;1
311550 Caxambu;-;-;-;-;1;-;-;-;1
311610 Chapada do Norte;-;-;-;-;1;-;-;-;1
311770 Conceição do Rio Verde;-;-;-;-;1;-;-;-;1
311940 Coronel Fabriciano;-;-;-;-;1;-;-;-;1
312120 Delfinópolis;-;2;-;-;2;-;-;-;4
312160 Diamantina;-;-;-;-;1;-;-;-;1
312230 Divinópolis;-;-;-;-;5;-;-;-;5
312510 Extrema;-;-;-;-;1;-;-;-;1
312700 Fronteira;-;-;-;-;4;-;-;-;4
312710 Frutal;-;-;-;-;6;-;-;-;6
312830 Guaranésia;-;-;-;-;1;-;-;-;1
312870 Guaxupé;-;-;-;-;1;-;-;-;1
312970 Ibiraci;-;1;-;-;-;-;-;-;1
313240 Itajubá;-;1;-;-;2;-;-;-;3
313420 Ituiutaba;-;-;-;-;1;-;-;-;1
313440 Iturama;-;1;-;-;-;-;-;-;1
313620 João Monlevade;-;-;-;-;1;-;-;-;1
313630 João Pinheiro;-;-;-;-;1;-;-;-;1
313670 Juiz de Fora;-;-;-;-;1;-;-;-;1
313695 Juvenília;-;-;-;-;1;-;-;-;1
313780 Lambari;-;-;-;-;1;-;-;-;1
313820 Lavras;-;-;-;-;3;-;-;-;3
313840 Leopoldina;-;-;-;-;1;-;-;-;1
314070 Mateus Leme;-;-;-;-;1;-;-;-;1
314110 Matozinhos;-;-;-;-;1;-;-;-;1
314140 Medina;-;1;-;-;-;-;-;-;1
314270 Montalvânia;-;-;-;-;1;-;-;-;1
314340 Monte Sião;-;-;-;-;1;-;-;-;1
314330 Montes Claros;-;-;-;-;3;-;-;-;3
314350 Morada Nova de Minas;-;1;-;-;-;-;-;-;1
314410 Muzambinho;-;-;-;-;1;-;-;-;1
314520 Nova Serrana;-;-;-;-;1;-;-;-;1
314700 Paracatu;-;1;-;-;2;-;-;-;3
314730 Paraisópolis;-;-;-;-;1;-;-;-;1
314760 Passa Quatro;-;-;-;-;2;-;-;-;2
314790 Passos;-;1;-;-;19;-;-;-;20
314800 Patos de Minas;-;-;-;-;2;-;-;-;2
314990 Perdões;-;-;-;-;2;-;-;-;2
315070 Pirajuba;-;-;-;-;1;-;-;-;1
315100 Piranguinho;-;-;-;-;1;-;-;-;1
315140 Pitangui;-;-;-;-;-;1;-;-;1
315150 Piumhi;-;-;-;-;1;-;-;-;1
315160 Planura;-;-;-;-;1;-;-;-;1
315180 Poços de Caldas;-;-;-;-;4;-;-;-;4
315210 Ponte Nova;-;-;-;-;1;-;-;-;1
315250 Pouso Alegre;-;-;-;-;6;-;-;-;6
315460 Ribeirão das Neves;-;-;-;-;1;-;-;-;1
315727 Santa Bárbara do Monte Verde;-;-;-;-;2;-;-;-;2
315980 Santa Vitória;-;-;-;-;1;-;-;-;1
316250 São João del Rei;-;-;-;-;1;-;-;-;1
316470 São Sebastião do Paraíso;-;-;-;-;1;-;-;-;1
316520 São Thomé das Letras;-;-;-;-;1;-;-;-;1
317010 Uberaba;-;-;-;-;5;-;-;-;5
317020 Uberlândia;-;2;-;-;4;-;-;-;6
310000 Município ignorado - MG;-;-;-;-;2;-;-;-;2
320120 Cachoeiro de Itapemirim;-;-;-;-;1;-;-;-;1
320520 Vila Velha;-;-;-;-;1;-;-;-;1
320530 Vitória;-;1;-;-;1;-;-;-;2
330010 Angra dos Reis;-;-;-;-;1;-;-;-;1
330040 Barra Mansa;-;-;-;-;1;-;-;-;1
330200 Itaguaí;-;1;-;-;-;-;-;-;1
330225 Itatiaia;-;-;-;-;-;-;-;1;1
330330 Niterói;-;-;-;-;1;-;-;-;1
330380 Paraty;-;-;-;-;8;-;-;-;8
330420 Resende;-;-;-;-;1;-;-;-;1
330455 Rio de Janeiro;-;1;-;-;42;1;-;-;44
330475 São Francisco de Itabapoana;-;-;-;-;3;-;-;-;3
330490 São Gonçalo;-;-;-;-;1;-;-;-;1
330630 Volta Redonda;-;-;-;-;1;-;-;-;1
350010 Adamantina;-;-;-;-;35;-;-;-;35
350020 Adolfo;-;-;-;-;1;-;-;-;1
350030 Aguaí;-;-;-;-;520;-;-;-;520
350040 Águas da Prata;-;-;-;-;2;-;-;-;2
350050 Águas de Lindóia;-;-;-;-;3;-;-;-;3
350055 Águas de Santa Bárbara;-;2;-;-;3;-;-;-;5
350060 Águas de São Pedro;-;-;-;-;100;-;-;-;100
350070 Agudos;-;-;-;-;16;-;-;-;16
350075 Alambari;-;1;-;-;6;-;1;-;8
350080 Alfredo Marcondes;-;-;-;-;1;-;-;-;1
350090 Altair;-;-;-;-;-;-;-;1;1
350100 Altinópolis;-;-;-;-;1;-;-;-;1
350110 Alto Alegre;-;-;-;-;1;-;-;-;1
350115 Alumínio;-;-;-;-;6;-;-;-;6
350120 Álvares Florence;-;1;-;-;27;-;-;-;28
350130 Álvares Machado;-;1;-;-;2;-;-;2;5
350150 Alvinlândia;-;1;-;-;-;-;-;-;1
350160 Americana;-;8;-;-;9036;2;2;-;9048
350170 Américo Brasiliense;-;-;-;-;65;-;-;-;65
350180 Américo de Campos;-;2;-;-;55;-;-;-;57
350190 Amparo;-;1;-;-;199;-;1;-;201
350200 Analândia;-;-;-;-;2;-;-;-;2
350210 Andradina;-;2;-;-;48;-;1;-;51
350250 Aparecida;-;1;-;-;28;-;-;18;47
350260 Aparecida d'Oeste;-;26;-;-;2;-;-;3;31
350275 Araçariguama;-;-;-;-;5;-;-;-;5
350280 Araçatuba;-;13;-;-;1708;72;5;7;1805
350290 Araçoiaba da Serra;-;-;-;-;6;-;-;-;6
350320 Araraquara;-;10;-;-;1633;1;2;-;1646
350330 Araras;-;-;-;-;108;-;-;-;108
350335 Arco-Íris;-;-;-;-;1;-;-;-;1
350340 Arealva;-;-;-;-;3;-;-;-;3
350350 Areias;-;-;-;-;1;-;-;-;1
350360 Areiópolis;-;-;-;-;1;-;-;-;1
350370 Ariranha;-;-;-;-;-;1;-;-;1
350380 Artur Nogueira;-;-;-;-;88;-;-;2;90
350390 Arujá;-;106;-;-;7;-;-;-;113
350395 Aspásia;-;1;-;-;6;-;-;-;7
350400 Assis;-;6;1;-;944;5;-;-;956
350410 Atibaia;-;3;-;-;1365;3;-;-;1371
350420 Auriflama;-;1;-;-;48;1;-;-;50
350430 Avaí;-;-;-;-;156;-;-;-;156
350440 Avanhandava;-;1;-;-;4;-;-;-;5
350450 Avaré;-;1;-;-;2;-;-;-;3
350460 Bady Bassitt;-;-;-;-;9;2;-;2;13
350480 Bálsamo;-;-;-;-;4;-;-;-;4
350500 Barão de Antonina;-;-;-;-;4;-;-;-;4
350510 Barbosa;-;1;-;-;31;-;-;-;32
350520 Bariri;-;1;-;-;231;-;2;-;234
350530 Barra Bonita;-;-;-;-;49;1;-;-;50
350550 Barretos;-;1;-;-;67;2;-;-;70
350560 Barrinha;-;-;-;-;10;-;-;-;10
350570 Barueri;-;47;-;-;517;1;1;1;567
350580 Bastos;-;-;-;-;22;-;-;-;22
350590 Batatais;-;8;-;-;3;1;-;-;12
350600 Bauru;-;1;-;-;411;-;-;-;412
350610 Bebedouro;-;1;-;-;708;2;1;-;712
350620 Bento de Abreu;-;-;-;-;2;-;-;-;2
350635 Bertioga;-;9;-;-;459;2;-;2;472
350640 Bilac;-;13;-;-;22;-;-;4;39
350650 Birigui;-;15;-;-;3701;8;2;-;3726
350670 Boa Esperança do Sul;-;1;-;-;816;2;-;-;819
350680 Bocaina;-;1;-;-;48;-;-;-;49
350690 Bofete;-;-;-;-;1;-;-;-;1
350700 Boituva;-;-;-;-;3;-;-;-;3
350710 Bom Jesus dos Perdões;-;-;-;-;6;-;-;-;6
350730 Boracéia;-;-;-;-;11;-;-;-;11
350740 Borborema;-;-;-;-;10;-;-;-;10
350750 Botucatu;-;2;-;-;1;-;-;-;3
350760 Bragança Paulista;-;2;-;-;215;49;1;-;267
350770 Braúna;-;-;-;-;36;-;-;-;36
350775 Brejo Alegre;-;-;-;-;16;-;-;1;17
350780 Brodowski;-;-;-;-;4;-;-;-;4
350790 Brotas;-;-;-;-;209;-;1;-;210
350810 Buritama;-;1;-;-;1562;-;1;1;1565
350840 Cabreúva;-;-;-;-;13;-;-;-;13
350850 Caçapava;-;-;-;-;127;-;-;-;127
350860 Cachoeira Paulista;-;-;-;-;6;1;-;-;7
350870 Caconde;-;-;-;-;4;-;-;-;4
350880 Cafelândia;-;-;-;-;26;-;-;-;26
350890 Caiabu;-;-;-;-;1;-;-;-;1
350900 Caieiras;-;58;-;-;36;-;-;-;94
350910 Caiuá;-;-;-;-;2;-;-;3;5
350920 Cajamar;-;5;-;-;173;-;-;-;178
350925 Cajati;-;1;-;-;-;-;-;-;1
350930 Cajobi;-;1;-;-;78;-;-;-;79
350940 Cajuru;-;1;-;-;2;-;-;-;3
350945 Campina do Monte Alegre;-;-;-;-;-;-;1;-;1
350950 Campinas;-;16;-;-;39925;2365;22;2;42330
350960 Campo Limpo Paulista;-;24;-;-;239;2;-;5;270
350970 Campos do Jordão;-;-;-;-;4;-;-;-;4
350980 Campos Novos Paulista;-;2;-;-;-;1;-;-;3
350990 Cananéia;-;14;-;-;4;-;-;-;18
350995 Canas;-;-;-;-;2;-;-;2;4
351000 Cândido Mota;-;-;-;-;88;-;-;-;88
351015 Canitar;-;1;-;-;-;-;-;-;1
351020 Capão Bonito;-;1;-;-;16;-;-;-;17
351030 Capela do Alto;-;-;-;-;-;-;-;1;1
351040 Capivari;-;-;-;-;19;-;-;-;19
351050 Caraguatatuba;-;211;-;-;2118;2;3;-;2334
351060 Carapicuíba;-;14;-;-;1330;3;-;9;1356
351070 Cardoso;-;12;-;-;23;-;-;-;35
351080 Casa Branca;-;3;-;-;2015;-;-;-;2018
351100 Castilho;-;-;-;-;42;-;-;2;44
351110 Catanduva;-;1;-;-;528;12;1;-;542
351120 Catiguá;-;3;-;-;6;-;-;-;9
351130 Cedral;-;-;-;-;2;1;-;-;3
351140 Cerqueira César;-;4;-;-;-;-;-;-;4
351150 Cerquilho;-;-;-;-;1;-;-;-;1
351170 Charqueada;-;-;-;-;14;-;-;-;14
355720 Chavantes;-;1;-;-;-;-;-;-;1
351190 Clementina;-;4;-;-;39;-;-;-;43
351200 Colina;-;-;-;-;37;-;-;-;37
351210 Colômbia;-;-;-;-;5;-;-;-;5
351220 Conchal;-;-;-;-;5;-;-;-;5
351230 Conchas;-;11;-;-;-;-;-;-;11
351240 Cordeirópolis;-;-;-;-;32;-;-;2;34
351250 Coroados;-;4;-;-;25;-;-;-;29
351270 Corumbataí;-;-;-;-;10;-;-;-;10
351280 Cosmópolis;-;8;-;-;64;-;-;-;72
351290 Cosmorama;-;1;-;-;14;-;-;-;15
351300 Cotia;-;16;-;-;210;-;-;-;226
351310 Cravinhos;-;8;-;-;79;-;-;-;87
351320 Cristais Paulista;-;2;-;-;-;-;-;-;2
351340 Cruzeiro;-;-;-;-;44;-;-;2;46
351350 Cubatão;-;-;-;-;47;-;-;4;51
351370 Descalvado;-;90;-;-;5;-;-;-;95
351380 Diadema;-;9;-;-;378;2;1;-;390
351385 Dirce Reis;-;-;-;-;1;-;-;-;1
351390 Divinolândia;-;1;-;-;1;-;-;-;2
351400 Dobrada;-;3;-;-;-;-;-;-;3
351410 Dois Córregos;-;-;-;-;63;1;1;-;65
351420 Dolcinópolis;-;-;-;-;1;-;-;-;1
351430 Dourado;-;-;-;-;17;-;-;-;17
351440 Dracena;-;-;-;-;59;-;-;-;59
351450 Duartina;-;-;-;-;8;-;-;-;8
351460 Dumont;-;-;-;-;18;-;-;15;33
351490 Elias Fausto;-;-;-;-;41;-;-;-;41
351492 Elisiário;-;-;-;-;3;-;-;-;3
351500 Embu das Artes;-;142;-;-;155;-;-;-;297
351510 Embu-Guaçu;-;-;-;-;7;-;-;1;8
351512 Emilianópolis;-;-;-;-;1;-;-;-;1
351515 Engenheiro Coelho;-;-;-;-;10;-;-;-;10
351518 Espírito Santo do Pinhal;-;-;-;-;7;-;-;-;7
355730 Estiva Gerbi;-;-;-;-;5;-;-;-;5
351520 Estrela d'Oeste;-;2;-;-;179;-;-;-;181
351530 Estrela do Norte;-;-;-;-;4;-;-;1;5
351535 Euclides da Cunha Paulista;-;2;-;-;5;-;-;-;7
351540 Fartura;-;1;-;-;1;-;-;-;2
351550 Fernandópolis;-;12;-;-;192;1;-;5;210
351565 Fernão;-;-;-;-;1;-;-;-;1
351570 Ferraz de Vasconcelos;-;5;-;-;17;-;-;2;24
351580 Flora Rica;-;-;-;-;6;-;-;-;6
351590 Floreal;-;-;-;-;4;-;-;-;4
351600 Flórida Paulista;-;1;-;-;87;-;-;-;88
351610 Florínia;-;-;-;-;53;-;-;-;53
351620 Franca;-;4;-;-;223;-;-;-;227
351630 Francisco Morato;-;8;-;-;763;2;-;68;841
351640 Franco da Rocha;-;9;-;-;1664;2;-;2;1677
351650 Gabriel Monteiro;-;-;-;-;8;-;1;-;9
351660 Gália;-;1;-;-;-;-;-;1;2
351670 Garça;-;29;-;-;4;-;-;-;33
351680 Gastão Vidigal;-;4;-;-;6;1;-;1;12
351685 Gavião Peixoto;-;1;-;-;-;-;-;-;1
351690 General Salgado;-;-;-;-;94;1;-;3;98
351700 Getulina;-;-;-;-;9;-;-;-;9
351710 Glicério;-;8;-;-;6;-;-;-;14
351720 Guaiçara;-;-;-;-;45;-;-;-;45
351740 Guaíra;-;-;-;-;46;-;-;-;46
351750 Guapiaçu;-;-;-;-;5;-;-;-;5
351780 Guaraçaí;-;2;-;-;16;-;-;6;24
351800 Guarani d'Oeste;-;1;-;-;-;-;-;-;1
351810 Guarantã;-;2;-;-;46;-;-;-;48
351820 Guararapes;-;1;-;-;444;1;-;13;459
351830 Guararema;-;4;-;-;19;-;-;-;23
351840 Guaratinguetá;-;-;-;-;70;-;-;19;89
351860 Guariba;-;3;-;-;2;-;-;-;5
351870 Guarujá;-;6;-;-;276;4;-;-;286
351880 Guarulhos;-;8;-;-;3427;1765;44;9;5253
351885 Guatapará;-;-;-;-;1;-;-;1;2
351890 Guzolândia;-;7;-;-;-;-;-;-;7
351900 Herculândia;-;-;-;-;5;-;-;-;5
351905 Holambra;-;1;-;-;43;-;-;1;45
351907 Hortolândia;-;2;-;-;2116;-;-;-;2118
351910 Iacanga;-;-;-;-;21;-;-;-;21
351920 Iacri;-;-;-;-;3;-;-;-;3
351925 Iaras;-;42;-;-;1;-;-;-;43
351930 Ibaté;-;4;-;-;8;-;-;-;12
351940 Ibirá;-;2;-;-;2;-;-;-;4
351960 Ibitinga;-;-;-;-;17;-;-;-;17
351970 Ibiúna;-;-;-;-;7;-;-;-;7
351980 Icém;-;-;-;-;2;-;-;-;2
351990 Iepê;-;-;-;-;2;-;-;-;2
352000 Igaraçu do Tietê;-;-;-;-;6;-;-;-;6
352010 Igarapava;-;1;-;-;-;-;-;1;2
352020 Igaratá;-;-;-;-;-;-;-;1;1
352030 Iguape;-;4;-;-;6;-;-;-;10
352042 Ilha Comprida;-;1;-;-;33;-;-;-;34
352044 Ilha Solteira;-;3;-;-;325;-;-;-;328
352040 Ilhabela;-;15;1;-;2942;2;-;-;2960
352050 Indaiatuba;-;4;-;-;254;8;1;-;267
352070 Indiaporã;-;7;-;-;-;-;-;-;7
352090 Ipaussu;-;-;-;-;3;-;-;-;3
352100 Iperó;-;-;-;-;351;1;-;-;352
352110 Ipeúna;-;-;-;-;3;-;-;-;3
352115 Ipiguá;-;-;-;-;1;-;-;1;2
352130 Ipuã;-;14;-;-;-;-;-;-;14
352140 Iracemápolis;-;-;-;-;28;-;-;-;28
352150 Irapuã;-;-;-;-;2;-;-;-;2
352160 Irapuru;-;-;-;-;39;-;-;-;39
352170 Itaberá;-;-;-;-;1;-;-;-;1
352190 Itajobi;-;-;-;-;1;-;-;-;1
352200 Itaju;-;-;-;-;4;-;-;-;4
352210 Itanhaém;-;3;-;-;172;5;-;1;181
352220 Itapecerica da Serra;-;11;-;-;44;-;-;1;56
352230 Itapetininga;-;6;-;-;2;-;-;-;8
352240 Itapeva;-;-;-;-;1;-;-;-;1
352250 Itapevi;-;4;-;-;384;1;-;1;390
352260 Itapira;-;1;-;-;691;1;1;-;694
352270 Itápolis;-;4;-;-;120;-;-;-;124
352280 Itaporanga;-;104;-;-;3;-;-;-;107
352290 Itapuí;-;-;-;-;126;-;-;-;126
352300 Itapura;-;-;-;-;23;-;-;-;23
352310 Itaquaquecetuba;-;58;-;-;27;2;-;2;89
352320 Itararé;-;-;-;-;18;-;-;-;18
352330 Itariri;-;3;-;-;1;-;-;-;4
352340 Itatiba;-;-;-;-;35;-;-;-;35
352360 Itirapina;-;-;-;-;31;-;-;-;31
352380 Itobi;-;35;-;-;148;-;-;2;185
352390 Itu;-;-;-;-;129;-;-;-;129
352400 Itupeva;-;-;-;-;45;-;-;-;45
352410 Ituverava;-;3;-;-;-;-;-;-;3
352420 Jaborandi;-;-;-;-;3;-;-;-;3
352430 Jaboticabal;-;1;-;-;50;1;-;-;52
352440 Jacareí;-;-;-;-;156;1;-;-;157
352450 Jaci;-;-;-;-;8;-;-;-;8
352460 Jacupiranga;-;2;-;-;-;-;-;-;2
352470 Jaguariúna;-;-;-;-;51;-;-;2;53
352480 Jales;-;28;-;-;477;1;-;2;508
352490 Jambeiro;-;-;-;-;1;-;-;-;1
352500 Jandira;-;1;-;-;266;23;-;-;290
352510 Jardinópolis;-;7;-;-;1148;-;2;-;1157
352520 Jarinu;-;-;-;-;2;-;-;-;2
352530 Jaú;-;3;-;-;4456;105;15;-;4579
352550 Joanópolis;-;-;-;-;3;-;-;-;3
352560 João Ramalho;-;-;-;-;6;-;-;-;6
352570 José Bonifácio;-;-;-;-;205;3;-;2;210
352580 Júlio Mesquita;-;-;-;-;1;-;-;-;1
352590 Jundiaí;-;3;-;-;327;5;-;1;336
352600 Junqueirópolis;-;-;-;-;126;1;-;2;129
352610 Juquiá;-;-;-;-;1;-;-;2;3
352620 Juquitiba;-;-;-;-;4;-;-;-;4
352630 Lagoinha;-;-;-;-;5;-;-;1;6
352640 Laranjal Paulista;-;39;-;-;4;-;-;-;43
352650 Lavínia;-;-;-;-;11;-;-;1;12
352670 Leme;-;-;-;-;27;-;1;-;28
352680 Lençóis Paulista;-;-;-;-;9;1;-;-;10
352690 Limeira;-;2;-;-;666;1;-;-;669
352710 Lins;-;-;-;-;222;2;-;-;224
352720 Lorena;-;1;-;-;59;-;-;15;75
352725 Lourdes;-;-;-;-;20;-;-;1;21
352730 Louveira;-;-;-;-;74;-;-;-;74
352740 Lucélia;-;-;-;-;26;-;-;-;26
352760 Luís Antônio;-;-;-;-;4;-;-;2;6
352770 Luiziânia;-;1;-;-;10;-;-;-;11
352800 Macatuba;-;-;-;-;11;-;1;-;12
352810 Macaubal;-;3;-;-;7;-;-;-;10
352820 Macedônia;-;1;-;-;7;-;-;-;8
352830 Magda;-;-;-;-;10;-;-;-;10
352840 Mairinque;-;-;-;-;14;1;-;-;15
352850 Mairiporã;-;30;-;-;4609;9;1;2;4651
352880 Maracaí;-;1;-;-;22;-;-;-;23
352890 Mariápolis;-;-;-;-;36;-;-;-;36
352900 Marília;-;39;-;-;1722;12;3;-;1776
352910 Marinópolis;-;3;-;-;2;-;-;-;5
352920 Martinópolis;-;1;-;-;7;-;-;-;8
352930 Matão;-;17;-;-;152;-;1;-;170
352940 Mauá;-;1;-;-;6;-;-;1;8
352950 Mendonça;-;-;-;-;19;-;1;-;20
352960 Meridiano;-;-;-;-;19;-;-;-;19
352965 Mesópolis;-;2;-;-;1;-;-;-;3
352970 Miguelópolis;-;2;-;-;1;-;-;-;3
352980 Mineiros do Tietê;-;-;-;-;149;1;-;-;150
353000 Mira Estrela;-;10;-;-;2;-;-;-;12
352990 Miracatu;-;-;-;-;13;-;-;-;13
353010 Mirandópolis;-;-;-;-;92;-;-;-;92
353020 Mirante do Paranapanema;-;1;-;-;24;-;-;-;25
353030 Mirassol;-;-;-;-;34;-;-;-;34
353040 Mirassolândia;-;-;-;-;1;-;-;-;1
353050 Mococa;-;-;-;-;371;-;-;-;371
353060 Mogi das Cruzes;-;33;-;-;26;-;-;-;59
353070 Mogi Guaçu;-;2;1;-;1108;-;-;-;1111
353080 Mogi Mirim;-;1;-;-;1046;-;1;-;1048
353100 Monções;-;-;-;-;6;-;-;-;6
353110 Mongaguá;-;5;-;-;283;3;-;-;291
353120 Monte Alegre do Sul;-;-;-;-;4;-;-;-;4
353130 Monte Alto;-;10;-;-;7;-;-;-;17
353140 Monte Aprazível;-;-;-;-;92;-;-;-;92
353150 Monte Azul Paulista;-;-;-;-;26;-;-;-;26
353160 Monte Castelo;-;1;-;-;5;-;-;-;6
353180 Monte Mor;-;1;-;-;219;1;-;-;221
353190 Morro Agudo;-;-;-;-;14;-;-;-;14
353200 Morungaba;-;2;-;-;3;-;-;-;5
353205 Motuca;-;38;-;-;1;-;-;-;39
353210 Murutinga do Sul;-;-;-;-;5;-;-;-;5
353215 Nantes;-;-;-;-;1;-;-;-;1
353220 Narandiba;-;-;-;-;18;-;-;-;18
353230 Natividade da Serra;-;12;-;-;1;-;-;-;13
353240 Nazaré Paulista;-;1;-;-;6;1;-;-;8
353250 Neves Paulista;-;-;-;-;10;-;-;-;10
353260 Nhandeara;-;-;-;-;82;-;-;2;84
353270 Nipoã;-;-;-;-;2;-;-;-;2
353282 Nova Campina;-;-;-;-;1;-;-;-;1
353286 Nova Castilho;-;1;-;-;-;-;-;-;1
353290 Nova Europa;-;-;-;-;9;-;-;-;9
353320 Nova Independência;-;2;-;-;4;-;-;-;6
353330 Nova Luzitânia;-;2;-;-;8;-;-;-;10
353340 Nova Odessa;-;-;-;-;577;2;-;-;579
353325 Novais;-;1;-;-;1;-;-;-;2
353350 Novo Horizonte;-;-;-;-;13;-;-;-;13
353360 Nuporanga;-;1;-;-;-;-;-;-;1
353370 Ocauçu;-;3;-;-;2;-;-;-;5
353390 Olímpia;-;-;-;-;140;-;-;-;140
353410 Oriente;-;4;-;-;4;1;-;-;9
353420 Orindiúva;-;-;-;-;1;-;-;-;1
353430 Orlândia;-;14;-;-;13;1;-;-;28
353440 Osasco;-;136;1;-;4906;68;10;35;5156
353450 Oscar Bressane;-;2;-;-;11;-;-;-;13
353460 Osvaldo Cruz;-;-;-;-;9;-;-;-;9
353470 Ourinhos;-;3;-;-;188;-;-;-;191
353480 Ouro Verde;-;5;-;-;22;-;-;-;27
353475 Ouroeste;-;29;-;-;4;-;-;-;33
353490 Pacaembu;-;-;-;-;14;-;-;-;14
353500 Palestina;1;-;-;-;4;-;-;-;5
353510 Palmares Paulista;-;-;-;-;1;-;-;-;1
353520 Palmeira d'Oeste;-;23;-;-;19;-;-;2;44
353530 Palmital;-;4;-;-;65;-;-;-;69
353540 Panorama;-;-;-;-;9;-;-;-;9
353550 Paraguaçu Paulista;-;-;-;-;151;-;-;1;152
353570 Paraíso;-;-;-;-;3;-;-;-;3
353590 Paranapuã;-;14;-;-;5;-;1;-;20
353600 Parapuã;-;-;-;-;34;-;-;-;34
353620 Pariquera-Açu;-;9;-;-;4;-;-;1;14
353625 Parisi;-;4;-;-;117;-;-;-;121
353640 Paulicéia;-;-;-;-;4;-;-;-;4
353650 Paulínia;-;1;-;-;878;5;-;-;884
353660 Paulo de Faria;-;-;-;-;4;-;-;-;4
353670 Pederneiras;-;-;-;-;61;-;-;1;62
353690 Pedranópolis;-;14;-;-;-;-;-;-;14
353710 Pedreira;-;-;-;-;1044;-;1;11;1056
353715 Pedrinhas Paulista;-;-;-;-;7;-;-;-;7
353720 Pedro de Toledo;-;1;-;-;-;-;-;-;1
353730 Penápolis;-;26;-;-;245;1;1;1;274
353740 Pereira Barreto;-;2;-;-;21;-;-;2;25
353750 Pereiras;-;1;-;-;-;-;-;-;1
353760 Peruíbe;-;3;-;-;184;1;3;-;191
353770 Piacatu;-;1;-;-;47;-;-;1;49
353780 Piedade;-;-;-;-;1;-;-;-;1
353790 Pilar do Sul;-;-;-;-;2;-;-;-;2
353800 Pindamonhangaba;-;-;-;-;2877;4;3;-;2884
353810 Pindorama;-;-;-;-;3;-;-;-;3
353820 Pinhalzinho;-;-;-;-;2;-;-;-;2
353860 Piracaia;-;1;-;-;11;-;-;-;12
353870 Piracicaba;-;2;-;-;951;-;2;-;955
353880 Piraju;-;1;-;-;-;-;-;-;1
353890 Pirajuí;-;-;-;-;10;-;-;-;10
353900 Pirangi;-;1;-;-;25;-;-;-;26
353910 Pirapora do Bom Jesus;-;14;-;-;35;-;-;-;49
353920 Pirapozinho;-;2;-;-;14;1;-;-;17
353930 Pirassununga;-;-;-;-;84;-;-;-;84
353950 Pitangueiras;-;2;-;-;38;-;-;-;40
353960 Planalto;-;5;-;-;27;1;-;-;33
353970 Platina;-;1;-;-;1;-;-;-;2
353980 Poá;-;12;-;-;3;-;-;-;15
353990 Poloni;-;-;-;-;1;-;-;-;1
354000 Pompéia;-;2;-;-;27;-;-;-;29
354020 Pontal;-;-;-;-;109;-;-;-;109
354025 Pontalinda;-;1;-;-;4;-;-;-;5
354030 Pontes Gestal;-;9;-;-;6;-;-;1;16
354040 Populina;-;2;-;-;-;-;-;-;2
354050 Porangaba;-;5;-;-;9;1;-;-;15
354060 Porto Feliz;-;1;-;-;88;-;-;1;90
354070 Porto Ferreira;-;10;-;-;645;-;-;2;657
354075 Potim;-;-;-;-;55;1;-;4;60
354080 Potirendaba;-;1;-;-;32;-;-;-;33
354090 Pradópolis;-;1;-;-;2;-;-;-;3
354100 Praia Grande;-;12;-;-;190;5;1;1;209
354105 Pratânia;-;-;-;-;1;-;-;-;1
354110 Presidente Alves;-;-;-;-;3;-;-;-;3
354120 Presidente Bernardes;-;-;-;-;10;-;-;1;11
354130 Presidente Epitácio;-;1;-;-;59;-;-;-;60
354140 Presidente Prudente;-;-;-;-;234;4;2;1;241
354150 Presidente Venceslau;-;-;-;-;20;-;-;-;20
354160 Promissão;-;-;-;-;500;1;-;-;501
354170 Quatá;-;-;-;-;10;-;-;-;10
354180 Queiroz;-;-;-;-;7;-;-;-;7
354190 Queluz;-;-;-;1;3;-;-;-;4
354200 Quintana;-;1;-;-;2;-;-;-;3
354210 Rafard;-;-;-;-;10;-;-;-;10
354220 Rancharia;-;-;-;-;75;-;-;-;75
354230 Redenção da Serra;-;-;-;-;27;-;-;-;27
354240 Regente Feijó;-;-;-;-;6;-;-;-;6
354260 Registro;-;18;-;-;1;-;-;-;19
354290 Ribeirão Bonito;-;2;-;-;167;-;-;-;169
354300 Ribeirão Branco;-;-;-;-;2;-;-;-;2
354310 Ribeirão Corrente;-;27;-;-;-;-;-;-;27
354320 Ribeirão do Sul;-;2;-;-;-;-;-;-;2
354323 Ribeirão dos Índios;-;-;-;-;-;-;-;1;1
354330 Ribeirão Pires;-;1;-;-;-;-;-;-;1
354340 Ribeirão Preto;-;5;-;-;443;-;-;2;450
354360 Rifaina;-;41;-;-;2;-;-;-;43
354370 Rincão;-;-;-;-;2;-;-;-;2
354380 Rinópolis;-;1;-;-;7;-;-;-;8
354390 Rio Claro;-;2;-;-;700;4;-;-;706
354400 Rio das Pedras;-;1;-;-;8;-;-;-;9
354410 Rio Grande da Serra;-;-;-;-;1;-;-;-;1
354420 Riolândia;-;1;-;-;34;-;-;1;36
354425 Rosana;-;1;-;-;744;-;1;-;746
354430 Roseira;-;-;-;-;3;-;-;7;10
354440 Rubiácea;-;-;-;-;6;-;-;-;6
354450 Rubinéia;-;16;-;-;48;-;-;3;67
354470 Sagres;-;-;-;-;3;-;-;-;3
354480 Sales;-;1;-;-;11;-;-;1;13
354490 Sales Oliveira;-;3;-;-;54;-;-;-;57
354510 Salmourão;-;-;-;-;19;-;-;-;19
354515 Saltinho;-;1;-;-;-;-;-;-;1
354520 Salto;-;-;-;-;134;1;1;-;136
354530 Salto de Pirapora;-;-;-;-;6;-;-;-;6
354540 Salto Grande;-;2;-;-;1;-;-;-;3
354550 Sandovalina;-;-;-;-;7;-;-;3;10
354560 Santa Adélia;-;-;-;-;7;-;-;-;7
354570 Santa Albertina;-;2;-;-;3;-;-;-;5
354580 Santa Bárbara d'Oeste;-;1;-;-;3127;-;3;-;3131
354600 Santa Branca;-;-;-;-;3;-;-;-;3
354610 Santa Clara d'Oeste;-;6;-;-;2;-;-;-;8
354620 Santa Cruz da Conceição;-;-;-;-;11;-;-;-;11
354630 Santa Cruz das Palmeiras;-;-;-;-;37;-;-;-;37
354640 Santa Cruz do Rio Pardo;-;-;-;-;58;-;-;1;59
354650 Santa Ernestina;-;1;-;-;-;-;-;-;1
354660 Santa Fé do Sul;-;64;-;-;41;-;-;15;120
354670 Santa Gertrudes;-;1;-;-;45;-;-;-;46
354680 Santa Isabel;-;29;-;-;5;-;-;18;52
354690 Santa Lúcia;-;10;-;-;4;-;-;-;14
354700 Santa Maria da Serra;-;-;-;-;40;-;-;1;41
354710 Santa Mercedes;-;-;-;-;1;-;-;-;1
354750 Santa Rita do Passa Quatro;-;1;-;-;51;1;-;-;53
354760 Santa Rosa de Viterbo;-;1;-;-;24;-;-;-;25
354765 Santa Salete;-;1;-;-;-;-;-;-;1
354720 Santana da Ponte Pensa;-;1;-;-;1;-;-;-;2
354730 Santana de Parnaíba;-;4;-;-;172;-;-;1;177
354770 Santo Anastácio;-;-;-;-;9;-;-;10;19
354780 Santo André;-;18;-;-;236;-;-;-;254
354790 Santo Antônio da Alegria;-;1;-;-;-;-;-;-;1
354800 Santo Antônio de Posse;-;-;-;-;389;6;-;-;395
354805 Santo Antônio do Aracanguá;-;-;-;-;84;-;-;4;88
354840 Santópolis do Aguapeí;-;-;-;-;9;-;-;-;9
354850 Santos;-;8;-;-;2240;35;5;3;2291
354860 São Bento do Sapucaí;-;-;-;-;-;-;-;1;1
354870 São Bernardo do Campo;-;75;-;-;435;-;1;-;511
354880 São Caetano do Sul;-;-;-;-;35;-;-;-;35
354890 São Carlos;-;2;-;-;283;1;-;-;286
354900 São Francisco;-;5;-;-;2;-;-;-;7
354910 São João da Boa Vista;-;4;-;-;538;-;-;-;542
354930 São João do Pau d'Alho;-;-;-;-;4;-;-;-;4
354940 São Joaquim da Barra;-;5;-;-;11;-;-;74;90
354960 São José do Barreiro;-;8;-;-;-;-;-;-;8
354970 São José do Rio Pardo;-;-;-;-;36;-;-;-;36
354980 São José do Rio Preto;-;9;-;-;1239;31;1;2;1282
354990 São José dos Campos;-;1;-;-;688;-;-;-;689
354995 São Lourenço da Serra;-;1;-;-;-;-;-;-;1
355000 São Luís do Paraitinga;-;-;-;-;6;-;-;-;6
355010 São Manuel;-;5;-;-;1;-;-;-;6
355020 São Miguel Arcanjo;-;1;-;-;-;-;-;-;1
355030 São Paulo;-;948;-;-;28586;65;16;157;29772
355040 São Pedro;-;-;-;-;979;2;-;-;981
355050 São Pedro do Turvo;-;-;-;-;-;-;-;3;3
355060 São Roque;-;-;-;-;68;-;-;-;68
355070 São Sebastião;-;635;1;-;889;2;-;1;1528
355080 São Sebastião da Grama;-;-;-;-;1;-;-;-;1
355100 São Vicente;-;2;-;-;217;5;4;3;231
355110 Sarapuí;-;1;-;-;-;-;-;-;1
355130 Sebastianópolis do Sul;-;-;-;-;2;-;-;1;3
355140 Serra Azul;-;-;-;-;3;-;-;1;4
355160 Serra Negra;-;1;-;-;23;-;-;-;24
355150 Serrana;-;35;-;-;5;-;-;-;40
355170 Sertãozinho;-;5;-;-;189;-;-;-;194
355180 Sete Barras;-;-;-;-;2;-;-;-;2
355190 Severínia;-;-;-;-;28;-;-;-;28
355210 Socorro;-;-;-;-;3;1;-;-;4
355220 Sorocaba;-;2;-;-;366;1;-;-;369
355230 Sud Mennucci;-;-;-;-;9;-;-;1;10
355240 Sumaré;-;24;-;-;3449;25;5;2;3505
355255 Suzanápolis;-;39;-;-;2;-;-;7;48
355250 Suzano;-;1;-;-;17;-;-;-;18
355260 Tabapuã;-;-;-;-;8;-;-;-;8
355270 Tabatinga;-;3;-;-;-;-;-;-;3
355280 Taboão da Serra;-;51;-;-;905;-;-;1;957
355290 Taciba;-;-;-;-;2;-;-;-;2
355310 Taiaçu;-;-;-;-;1;-;-;-;1
355330 Tambaú;-;13;-;-;256;-;-;4;273
355340 Tanabi;-;-;-;-;177;-;-;-;177
355360 Tapiratiba;-;-;-;-;4;-;-;-;4
355365 Taquaral;-;-;-;-;1;-;-;-;1
355370 Taquaritinga;-;-;-;-;111;-;-;-;111
355390 Tarabai;-;-;-;-;11;-;-;-;11
355395 Tarumã;-;5;-;-;110;-;-;-;115
355400 Tatuí;-;1;-;-;25;-;-;-;26
355410 Taubaté;-;5;-;-;9846;65;10;2;9928
355420 Tejupá;-;-;-;-;2;-;-;-;2
355430 Teodoro Sampaio;-;-;-;-;19;-;-;-;19
355440 Terra Roxa;-;-;-;-;4;-;-;-;4
355450 Tietê;-;-;-;-;11;-;-;-;11
355470 Torrinha;-;-;-;-;19;-;-;-;19
355475 Trabiju;-;-;-;-;59;-;-;-;59
355480 Tremembé;-;6;-;-;727;2;-;1;736
355490 Três Fronteiras;-;1;-;-;5;-;-;1;7
355495 Tuiuti;-;-;-;-;2;-;-;-;2
355500 Tupã;-;-;-;-;850;-;-;-;850
355510 Tupi Paulista;-;-;-;-;7;-;-;-;7
355520 Turiúba;-;4;-;-;22;-;-;-;26
355530 Turmalina;-;5;-;-;1;-;-;-;6
355535 Ubarana;-;-;-;-;84;-;-;-;84
355540 Ubatuba;-;298;-;-;956;9;-;3;1266
355550 Ubirajara;-;2;-;-;3;-;-;-;5
355560 Uchoa;-;-;-;-;23;-;-;-;23
355580 Urânia;-;4;-;-;1;-;-;-;5
355600 Urupês;-;2;-;-;1;-;-;-;3
355610 Valentim Gentil;-;5;-;-;72;-;-;-;77
355620 Valinhos;-;2;-;-;205;6;-;-;213
355630 Valparaíso;-;3;-;-;19;2;-;-;24
355635 Vargem;-;-;-;-;2;-;-;-;2
355640 Vargem Grande do Sul;-;-;-;-;28;-;-;-;28
355645 Vargem Grande Paulista;-;-;-;-;3;-;-;1;4
355650 Várzea Paulista;-;-;-;-;460;-;1;1;462
355660 Vera Cruz;-;1;-;-;8;-;-;-;9
355670 Vinhedo;-;1;-;-;177;3;-;-;181
355680 Viradouro;-;-;-;-;87;-;-;-;87
355690 Vista Alegre do Alto;-;-;-;-;2;-;-;-;2
355695 Vitória Brasil;-;-;-;-;1;-;-;-;1
355700 Votorantim;-;7;-;-;20;-;-;-;27
355710 Votuporanga;1;3;-;-;2770;3;1;1;2779
355715 Zacarias;-;-;-;-;79;-;-;-;79
350000 Município ignorado - SP;-;-;-;-;3;-;-;-;3
410020 Adrianópolis;-;-;-;-;1;-;-;-;1
410210 Astorga;-;-;-;-;1;-;-;-;1
410420 Campo Largo;-;-;-;-;1;-;-;-;1
410480 Cascavel;-;-;-;-;1;-;-;-;1
410560 Cidade Gaúcha;-;-;-;-;1;-;-;-;1
410640 Cornélio Procópio;-;-;-;-;1;-;-;-;1
410690 Curitiba;-;1;-;-;2;-;-;-;3
411370 Londrina;-;-;-;-;11;-;-;-;11
411430 Mandirituba;-;1;-;-;-;-;-;-;1
411500 Marilena;-;-;-;-;5;-;-;-;5
411520 Maringá;-;4;-;-;16;-;-;-;20
411710 Nova Londrina;-;-;-;-;5;-;-;-;5
411720 Nova Olímpia;-;-;-;-;1;-;-;-;1
411750 Paiçandu;-;-;-;-;-;-;1;-;1
411820 Paranaguá;-;-;-;-;1;-;-;-;1
411995 Pontal do Paraná;-;-;-;-;1;-;-;-;1
412110 Quinta do Sol;-;-;-;-;1;-;-;-;1
412210 Rio Bom;-;-;-;-;1;-;-;-;1
412340 Santa Fé;-;-;-;-;1;-;-;-;1
412410 Santo Antônio da Platina;-;-;-;-;1;-;-;-;1
412500 São João do Ivaí;-;-;-;-;1;-;-;-;1
412625 Sarandi;-;-;-;-;2;-;-;-;2
412640 Sertaneja;-;-;-;-;1;-;-;-;1
412800 Ubiratã;-;-;-;-;1;-;-;-;1
412840 Uraí;-;-;-;-;1;-;-;-;1
420040 Água Doce;-;-;-;-;3;-;-;-;3
420210 Barra Velha;-;-;-;-;1;-;-;-;1
420240 Blumenau;-;-;-;-;1;-;-;-;1
420320 Camboriú;-;1;-;-;1;-;-;-;2
420460 Criciúma;-;-;-;-;2;-;-;-;2
431470 Planalto;-;-;-;-;1;-;-;-;1
431490 Porto Alegre;-;-;-;-;2;-;-;-;2
431560 Rio Grande;-;-;-;-;1;-;-;-;1
500080 Anaurilândia;-;-;-;-;1;-;-;-;1
500085 Angélica;-;-;-;-;1;-;-;-;1
500100 Aparecida do Taboado;-;1;-;-;3;-;-;1;5
500220 Bonito;-;-;-;-;2;-;-;-;2
500230 Brasilândia;-;-;-;-;1;-;-;-;1
500270 Campo Grande;-;-;-;-;2;-;-;-;2
500295 Chapadão do Sul;-;-;-;-;2;-;-;-;2
500325 Costa Rica;-;-;-;-;1;-;-;-;1
500345 Deodápolis;-;-;-;-;1;-;-;-;1
500370 Dourados;-;-;-;-;1;-;-;-;1
500450 Itaporã;-;-;-;-;1;-;-;-;1
500560 Miranda;-;-;-;-;-;-;-;1;1
500690 Porto Murtinho;-;-;-;-;-;-;-;1;1
500830 Três Lagoas;-;1;-;-;6;-;1;-;8
510185 Bom Jesus do Araguaia;-;-;-;-;1;-;-;-;1
510263 Campo Novo do Parecis;-;-;-;-;1;-;-;-;1
510340 Cuiabá;-;-;-;-;5;-;-;-;5
510650 Poconé;-;-;-;-;1;-;-;-;1
510704 Primavera do Leste;-;-;-;-;1;-;-;-;1
510790 Sinop;-;-;-;-;4;-;-;-;4
520060 Alto Paraíso de Goiás;-;-;-;-;1;-;-;-;1
520110 Anápolis;-;-;-;-;2;-;-;-;2
520450 Caldas Novas;-;-;-;-;1;-;-;1;2
520510 Catalão;-;1;-;-;2;-;-;-;3
520547 Chapadão do Céu;-;-;-;-;1;-;-;-;1
520725 Doverlândia;-;-;-;-;1;-;-;-;1
520860 Goianésia;-;-;-;-;1;-;-;-;1
520870 Goiânia;-;1;-;-;9;-;-;-;10
520890 Goiás;-;1;-;-;4;-;-;-;5
521020 Iporá;-;-;-;-;1;-;-;-;1
521150 Itumbiara;-;-;-;-;2;-;-;-;2
521190 Jataí;-;1;-;-;2;-;-;-;3
521250 Luziânia;-;-;-;-;3;-;-;-;3
521370 Montes Claros de Goiás;-;-;-;-;1;-;-;-;1
521570 Palmeiras de Goiás;-;-;-;-;1;-;-;-;1
521710 Piracanjuba;-;-;-;-;1;-;-;-;1
521730 Pirenópolis;-;-;-;-;1;-;-;-;1
521930 Santa Helena de Goiás;-;-;-;-;1;-;-;-;1
522050 Serranópolis;-;-;-;-;1;-;-;-;1
522160 Uruaçu;-;-;-;-;1;-;-;-;1
530010 Brasília;-;-;-;-;11;-;-;-;11
000000 Ignorado ou exterior;117;498;2;-;7313;114;5;19699;27748
000000 Total;119;5168;7;1;196592;5000;203;20381;227471
